{
  "display": {
    "icon": {
      "id": "buttermod:butteringot"
    },
    "title": {
      "translate": "advancements.butteradvancement.title"
    },
    "description": {
      "translate": "advancements.butteradvancement.descr"
    },
    "frame": "goal",
    "show_toast": true,
    "announce_to_chat": true,
    "hidden": false
  },
  "criteria": {
    "butteradvancement_0": {
      "trigger": "minecraft:inventory_changed",
      "conditions": {
        "items": [
          {
            "items": [
              "buttermod:butteringot"
            ],
            "count": {
              "min": 1,
              "max": 1
            }
          }
        ]
      }
    }
  },
  "parent": "minecraft:adventure/adventuring_time"
}